{
  "local-ii": {
    "view": [ "Administrator", "Manager Local", "External Local" ],
    "viewServices": [ "Administrator", "Manager Local" ],
    "viewArchive": [ "Administrator", "Manager Local" ],
    "viewEmail": [ "Administrator", "Manager Local" ],
    "addService": [ "Administrator" ],
    "deleteService": [ "Administrator" ],
    "addUser": [ "Administrator", "Manager Local" ],
    "editUser": [ "Administrator", "Manager Local" ],
    "deleteUser": [ "Administrator", "Manager Local" ],
    "deleteUsers": [ "Administrator", "Manager Local" ],
    "suspendUsers": [ "Administrator", "Manager Local" ],
    "exportUsers": [ "Administrator", "Manager Local", "External Local" ]
  },
  "portfolio": {
    "view": [ "Administrator", "Manager Portfolio", "External Portfolio" ],
    "viewServices": [ "Administrator", "Manager Portfolio" ],
    "viewArchive": [ "Administrator", "Manager Portfolio" ],
    "viewEmail": [ "Administrator", "Manager Portfolio" ],
    "viewCurrencies": [ "Administrator", "Manager Portfolio" ],
    "addService": [ "Administrator" ],
    "deleteService": [ "Administrator" ],
    "addUser": [ "Administrator", "Manager Portfolio" ],
    "editUser": [ "Administrator", "Manager Portfolio" ],
    "deleteUser": [ "Administrator", "Manager Portfolio" ],
    "deleteUsers": [ "Administrator", "Manager Portfolio" ],
    "suspendUsers": [ "Administrator", "Manager Portfolio" ],
    "exportUsers": [ "Administrator", "Manager Portfolio", "External Portfolio" ]
  },
  "accellion": {
    "view": [ "Administrator", "External Accellion", "Manager Portfolio", "Manager Local"],
    "exportUsers": [ "Administrator", "External Accellion" ],
    "addUser": [ "Administrator" ],
    "editUser": [ "Administrator" ],
    "deleteUser": [ "Administrator" ],
    "deleteUsers": [ "Administrator" ]
  },
  "reporting": {
    "view": [ "Administrator" ],
    "addbatch": [ "Administrator" ],
    "deletebatch": [ "Administrator" ]
  },
  "administration": {
    "view": [ "Administrator" ]
  },
  "gdpr": {
    "view": [ "Administrator", "Manager Portfolio", "Manager Local", "External Portfolio", "External Local" ],
    "addbatch": [ "Administrator" ],
    "deletebatch": [ "Administrator" ]
  },
  "externalapp": {
    "view": [ "Administrator", "Manager Portfolio", "Manager Local" ],
    "addUser": [ "Administrator" ],
    "editUser": [ "Administrator" ],
    "deleteUser": [ "Administrator" ],
    "deleteUsers": [ "Administrator" ]
  },
  "globalexposure": {
    "view": [ "Administrator", "Manager Portfolio" ]
  },
  "group-licence": {
    "view": [ "Administrator", "Manager Portfolio", "Manager Local" ],
    "addGroupLicence": [ "Administrator", "Manager Portfolio", "Manager Local" ],
    "deleteGroupLicence": [ "Administrator", "Manager Portfolio", "Manager Local" ],
    "editGroupLicence": [ "Administrator", "Manager Portfolio", "Manager Local" ]
  },
  "individual-licence": {
    "view": [ "Administrator", "Manager Portfolio", "Manager Local" ],
    "editIndividualLicence": [ "Administrator", "Manager Portfolio", "Manager Local" ],
    "AddUsersToIndividualLicence": [ "Administrator", "Manager Portfolio", "Manager Local" ],
    "deleteindividualLicenceUser": [ "Administrator", "Manager Portfolio", "Manager Local" ]
  },
  "data-licence": {
    "view": [ "Administrator", "Manager Portfolio", "Manager Local" ]

  }
}