{
  "Email": [
    ////////////
    //CANADA
    ///////////
    {
      "domain": "cns.ca",
      "server": "hor-uds-ads-v04.can.gbl.uds.rsa-ins.com",
      "OU": [ "User Mailboxes", "Exchange Mailboxes", "UDS-CAN" ]
    },
    {
      "domain": "johnson.ca",
      "server": "hor-uds-ads-v04.can.gbl.uds.rsa-ins.com",
      "OU": [ "User Mailboxes", "Exchange Mailboxes", "UDS-CAN" ]
    },
    {
      "domain": "johnson.scotialifefinancial.com",
      "server": "hor-uds-ads-v04.can.gbl.uds.rsa-ins.com",
      "OU": [ "User Mailboxes", "Exchange Mailboxes", "UDS-CAN" ]
    },
    {
      "domain": "morgex.com",
      "server": "hor-uds-ads-v04.can.gbl.uds.rsa-ins.com",
      "OU": [ "User Mailboxes", "Exchange Mailboxes", "UDS-CAN" ]
    },
    {
      "domain": "rsagroup.ca",
      "server": "hor-uds-ads-v04.can.gbl.uds.rsa-ins.com",
      "OU": [ "User Mailboxes", "Exchange Mailboxes", "UDS-CAN" ]
    },
    {
      "domain": "unifund.ca",
      "server": "hor-uds-ads-v04.can.gbl.uds.rsa-ins.com",
      "OU": [ "User Mailboxes", "Exchange Mailboxes", "UDS-CAN" ]
    },
    {
      "domain": "royasunalliance.ca",
      "server": "hor-uds-ads-v04.can.gbl.uds.rsa-ins.com",
      "OU": [ "User Mailboxes", "Exchange Mailboxes", "UDS-CAN" ]
    },
    ////////////
    //Actuarial Academy
    ///////////
    {
      "domain": "gcc.rsagroup.com",
      "server": "hor-uds-ads-v03.eur.gbl.uds.rsa-ins.com",
      "OU": [ "UKDOM-GCC", "USERS", "GCC" ]
    },
    ////////////
    //123.ie
    ///////////
    {
      "domain": "123.ie",
      "server": "hor-uds-ads-v03.eur.gbl.uds.rsa-ins.com",
      "OU": [ "Users", "IRE123" ]
    },
    ////////////
    //Northern Ireland
    ///////////
    {
      "domain": "ni.rsagroup.com",
      "server": "hor-uds-ads-v03.eur.gbl.uds.rsa-ins.com",
      "OU": [ "NI" ]
    },
    ////////////
    //Ireland
    ///////////
    {
      "domain": "ie.rsagroup.com",
      "server": "hor-uds-ads-v03.eur.gbl.uds.rsa-ins.com",
      "OU": [ "Users", "IRE" ]
    },
    ////////////
    //MGA (US)
    ///////////
    {
      "domain": "us.rsagroup.com",
      "server": "hor-uds-ads-v03.eur.gbl.uds.rsa-ins.com",
      "OU": [ "Users", "MGA" ]
    },
    ////////////
    //Middle East
    ///////////
    {
      "domain": "ae.rsagroup.com",
      "server": "hor-uds-ads-v05.ksa.gbl.uds.rsa-ins.com",
      "OU": [ "Users", "ME" ]
    },
    {
      "domain": "bh.rsagroup.com",
      "server": "hor-uds-ads-v05.ksa.gbl.uds.rsa-ins.com",
      "OU": [ "Users", "ME" ]
    },
    {
      "domain": "om.rsagroup.com",
      "server": "hor-uds-ads-v05.ksa.gbl.uds.rsa-ins.com",
      "OU": [ "Users", "ME" ]
    },
    {
      "domain": "sa.rsagroup.com",
      "server": "hor-uds-ads-v05.ksa.gbl.uds.rsa-ins.com",
      "OU": [ "Users", "ME" ]
    },
    ////////////
    //SCANDI
    ///////////
    {
      "domain": "aktsam.se",
      "server": "hor-uds-ads-v03.eur.gbl.uds.rsa-ins.com",
      "OU": [ "Users", "SCANDI" ]
    },
    {
      "domain": "borneulykkesfonden.dk",
      "server": "hor-uds-ads-v03.eur.gbl.uds.rsa-ins.com",
      "OU": [ "Users", "SCANDI" ]
    },
    {
      "domain": "codan.dk",
      "server": "hor-uds-ads-v03.eur.gbl.uds.rsa-ins.com",
      "OU": [ "Users", "SCANDI" ]
    },
    {
      "domain": "codanforsikring.no",
      "server": "hor-uds-ads-v03.eur.gbl.uds.rsa-ins.com",
      "OU": [ "Users", "SCANDI" ]
    },
    {
      "domain": "codanmarine.com",
      "server": "hor-uds-ads-v03.eur.gbl.uds.rsa-ins.com",
      "OU": [ "Users", "SCANDI" ]
    },
    {
      "domain": "privatsikring.dk",
      "server": "hor-uds-ads-v03.eur.gbl.uds.rsa-ins.com",
      "OU": [ "Users", "SCANDI" ]
    },
    {
      "domain": "rsanordic.com",
      "server": "hor-uds-ads-v03.eur.gbl.uds.rsa-ins.com",
      "OU": [ "Users", "SCANDI" ]
    },
    {
      "domain": "svelandsak.se",
      "server": "hor-uds-ads-v03.eur.gbl.uds.rsa-ins.com",
      "OU": [ "Users", "SCANDI" ]
    },
    {
      "domain": "trygghansa.se",
      "server": "hor-uds-ads-v03.eur.gbl.uds.rsa-ins.com",
      "OU": [ "Users", "SCANDI" ]
    },
    {
      "domain": "whitelabel.se",
      "server": "hor-uds-ads-v03.eur.gbl.uds.rsa-ins.com",
      "OU": [ "Users", "SCANDI" ]
    },
    ////////////
    //UK (Incl GCC)
    ///////////
    {
      "domain": "be.royalsun.com",
      "server": "hor-uds-ads-v03.eur.gbl.uds.rsa-ins.com",
      "OU": [ "" ]
    },
    {
      "domain": "dee.tescobank.com",
      "server": "hor-uds-ads-v03.eur.gbl.uds.rsa-ins.com",
      "OU": [ "" ]
    },
    {
      "domain": "echoice.com",
      "server": "hor-uds-ads-v03.eur.gbl.uds.rsa-ins.com",
      "OU": [ "UK" ]
    },
    {
      "domain": "eu.rsagroup.com",
      "server": "hor-uds-ads-v03.eur.gbl.uds.rsa-ins.com",
      "OU": [ "UK" ]
    },
    {
      "domain": "insurancecorporation.com",
      "server": "hor-uds-ads-v03.eur.gbl.uds.rsa-ins.com",
      "OU": [ "UK" ]
    },
    {
      "domain": "johnlewis-eventinsurance.com",
      "server": "hor-uds-ads-v03.eur.gbl.uds.rsa-ins.com",
      "OU": [ "" ]
    },
    {
      "domain": "johnlewis-homeinsurance.com",
      "server": "hor-uds-ads-v03.eur.gbl.uds.rsa-ins.com",
      "OU": [ "" ]
    },
    {
      "domain": "johnlewis-petinsurance.com",
      "server": "hor-uds-ads-v03.eur.gbl.uds.rsa-ins.com",
      "OU": [ "" ]
    },
    {
      "domain": "johnlewis-weddinginsurance.com",
      "server": "hor-uds-ads-v03.eur.gbl.uds.rsa-ins.com",
      "OU": [ "" ]
    },
    {
      "domain": "mandspet.co.uk",
      "server": "hor-uds-ads-v03.eur.gbl.uds.rsa-ins.com",
      "OU": [ "" ]
    },
    {
      "domain": "morethan.com",
      "server": "hor-uds-ads-v03.eur.gbl.uds.rsa-ins.com",
      "OU": [ "UK" ]
    },
    {
      "domain": "morethandoggyssentials.com",
      "server": "hor-uds-ads-v03.eur.gbl.uds.rsa-ins.com",
      "OU": [ "UK" ]
    },
    {
      "domain": "nationwidehomeinsurance.co.uk",
      "server": "hor-uds-ads-v03.eur.gbl.uds.rsa-ins.com",
      "OU": [ "UK" ]
    },
    {
      "domain": "rsa.mail.uk.rsagroup.com",
      "server": "hor-uds-ads-v03.eur.gbl.uds.rsa-ins.com",
      "OU": [ "" ]
    },
    {
      "domain": "uk.royalsun.com",
      "server": "hor-uds-ads-v03.eur.gbl.uds.rsa-ins.com",
      "OU": [ "UK" ]
    },
    {
      "domain": "uk.rsagroup.com",
      "server": "hor-uds-ads-v03.eur.gbl.uds.rsa-ins.com",
      "OU": [ "UK" ]
    }
  ],
  "UserId": [
    {
      "domain": "OPD",
      "server": "hor-uds-ads-v03.eur.gbl.uds.rsa-ins.com",
      "OU": [ "" ]
    },
    {
      "domain": "DOMAIN",
      "server": "hor-uds-ads-v03.eur.gbl.uds.rsa-ins.com",
      "OU": [ "" ]
    },
    {
      "domain": "MGA",
      "server": "hor-uds-ads-v03.eur.gbl.uds.rsa-ins.com",
      "OU": [ "" ]
    },
    {
      "domain": "IAA",
      "server": "hor-uds-ads-v03.eur.gbl.uds.rsa-ins.com",
      "OU": [ "" ]
    },
    {
      "domain": "ADEP01",
      "server": "hor-uds-ads-v03.eur.gbl.uds.rsa-ins.com",
      "OU": [ "" ]
    },
    {
      "domain": "IE.RSA-INS.COM",
      "server": "hor-uds-ads-v03.eur.gbl.uds.rsa-ins.com",
      "OU": [ "" ]
    },
    {
      "domain": "EGUNILTD",
      "server": "hor-uds-ads-v03.eur.gbl.uds.rsa-ins.com",
      "OU": [ "" ]
    },
    {
      "domain": "NHODOM01",
      "server": "hor-uds-ads-v04.can.gbl.uds.rsa-ins.com",
      "OU": [ "User Mailboxes", "Exchange Mailboxes", "UDS-CAN" ]
    },
    {
      "domain": "RSAME",
      "server": "hor-uds-ads-v05.ksa.gbl.uds.rsa-ins.com",
      "OU": [ "" ]
    }
  ],
  "Default": {
    "domain": "",
    "server": "hor-uds-ads-v03.eur.gbl.uds.rsa-ins.com",
    "OU": [ "" ]
  }
}
