{
  "aspnet_Users": [
    "UserName",
    "Email",
    "Location",
    "ApproverEmail",
    "IsActive",
    "ApplicationName"
  ],
  "AuditUser": [
    "UserName",
    "Email",
    "Location",
    "DeletedDate",
    "Application"
  ],
  "AccellionUser": [
    "UserId",
    "Email",
    "Location",
    "ApproverEmail",
    "UserProfile",
    "UserType",
    "IsActive"
  ],
  "Service": [
    "ServiceId",
    "Name",
    "Url",
    "Visible",
    "layers",
    "opacity",
    "Identify",
    "ArcGisServiceLayerName",
    "isActive",
    "LicenceType",
    "Relationship:Map:Name"
  ],
  "GdprBatch": [
    "BatchId"
  ],
  "GroupLicence": [
    "Name",
    "IsActive"
  ],
  "GroupLicenceUser": [
    "GroupLicenceName",
    "UserName"
  ],
  "IndividualUserService": [
    "ServiceName",
    "UserName"
  ],
  "AppCurrency": [
    "CurrencyCode"
  ],
  "EmailSetting": [
    "ApplicationName"
  ],
  "ReportingBatch": [
    "BatchId",
    "Description"
  ],
  "GLOBAL_HIGH_RISK_COUNTRIES": [
    "CountryCodeA2",
    "CountryLongName",
    "ReasonForInclusion",
    "Classification",
    "CapturedBy"
  ],
  "daily_exposure_faulty_data": [
    "BatchId",
    "ProblemCategory",
    "ProblemInput",
    "ReportedBy",
    "LineOfBusiness",
    "PolicyNumber",
    "Status"
  ]

}
